--
--    Copyright 2010-2022 the original author or authors.
--
--    Licensed under the Apache License, Version 2.0 (the "License");
--    you may not use this file except in compliance with the License.
--    You may obtain a copy of the License at
--
--       https://www.apache.org/licenses/LICENSE-2.0
--
--    Unless required by applicable law or agreed to in writing, software
--    distributed under the License is distributed on an "AS IS" BASIS,
--    WITHOUT WARRANTIES OR CONDITIONS OF ANY KIND, either express or implied.
--    See the License for the specific language governing permissions and
--    limitations under the License.
--

INSERT INTO sequence VALUES('ordernum', 1000);
INSERT INTO sequence VALUES('reviewnum', 4);

INSERT INTO signon VALUES('j2ee','j2ee');
INSERT INTO signon VALUES('ACID','ACID');

INSERT INTO account VALUES('j2ee','yourname@yourdomain.com','ABC', 'XYX', 'OK', '901 San Antonio Road', 'MS UCUP02-206', 'Palo Alto', 'CA', '94303', 'USA',  '555-555-5555', 0);
INSERT INTO account VALUES('ACID','acid@yourdomain.com','ABC', 'XYX', 'OK', '901 San Antonio Road', 'MS UCUP02-206', 'Palo Alto', 'CA', '94303', 'USA',  '555-555-5555', 1);

INSERT INTO profile VALUES('j2ee','english','DOGS',1,1);
INSERT INTO profile VALUES('ACID','english','CATS',1,1);

INSERT INTO bannerdata VALUES ('FISH','<image src="../images/banner_fish.gif">');
INSERT INTO bannerdata VALUES ('CATS','<image src="../images/banner_cats.gif">');
INSERT INTO bannerdata VALUES ('DOGS','<image src="../images/banner_dogs.gif">');
INSERT INTO bannerdata VALUES ('REPTILES','<image src="../images/banner_reptiles.gif">');
INSERT INTO bannerdata VALUES ('BIRDS','<image src="../images/banner_birds.gif">');

INSERT INTO category VALUES ('FISH','Fish','<image src="../images/fish_icon.gif"><font size="5" color="blue"> Fish</font>');
INSERT INTO category VALUES ('DOGS','Dogs','<image src="../images/dogs_icon.gif"><font size="5" color="blue"> Dogs</font>');
INSERT INTO category VALUES ('REPTILES','Reptiles','<image src="../images/reptiles_icon.gif"><font size="5" color="blue"> Reptiles</font>');
INSERT INTO category VALUES ('CATS','Cats','<image src="../images/cats_icon.gif"><font size="5" color="blue"> Cats</font>');
INSERT INTO category VALUES ('BIRDS','Birds','<image src="../images/birds_icon.gif"><font size="5" color="blue"> Birds</font>');

INSERT INTO product VALUES ('FI-SW-01','FISH','Angelfish','<image src="../images/fish1.gif">Salt Water fish from Australia');
INSERT INTO product VALUES ('FI-SW-02','FISH','Tiger Shark','<image src="../images/fish4.gif">Salt Water fish from Australia');
INSERT INTO product VALUES ('FI-FW-01','FISH', 'Koi','<image src="../images/fish3.gif">Fresh Water fish from Japan');
INSERT INTO product VALUES ('FI-FW-02','FISH', 'Goldfish','<image src="../images/fish2.gif">Fresh Water fish from China');
INSERT INTO product VALUES ('K9-BD-01','DOGS','Bulldog','<image src="../images/dog2.gif">Friendly dog from England');
INSERT INTO product VALUES ('K9-PO-02','DOGS','Poodle','<image src="../images/dog6.gif">Cute dog from France');
INSERT INTO product VALUES ('K9-DL-01','DOGS', 'Dalmation','<image src="../images/dog5.gif">Great dog for a Fire Station');
INSERT INTO product VALUES ('K9-RT-01','DOGS', 'Golden Retriever','<image src="../images/dog1.gif">Great family dog');
INSERT INTO product VALUES ('K9-RT-02','DOGS', 'Labrador Retriever','<image src="../images/dog5.gif">Great hunting dog');
INSERT INTO product VALUES ('K9-CW-01','DOGS', 'Chihuahua','<image src="../images/dog4.gif">Great companion dog');
INSERT INTO product VALUES ('RP-SN-01','REPTILES','Rattlesnake','<image src="../images/snake1.gif">Doubles as a watch dog');
INSERT INTO product VALUES ('RP-LI-02','REPTILES','Iguana','<image src="../images/lizard1.gif">Friendly green friend');
INSERT INTO product VALUES ('FL-DSH-01','CATS','Manx','<image src="../images/cat2.gif">Great for reducing mouse populations');
INSERT INTO product VALUES ('FL-DLH-02','CATS','Persian','<image src="../images/cat1.gif">Friendly house cat, doubles as a princess');
INSERT INTO product VALUES ('AV-CB-01','BIRDS','Amazon Parrot','<image src="../images/bird2.gif">Great companion for up to 75 years');
INSERT INTO product VALUES ('AV-SB-02','BIRDS','Finch','<image src="../images/bird1.gif">Great stress reliever');

INSERT INTO supplier VALUES (1,'XYZ Pets','AC','600 Avon Way','','Los Angeles','CA','94024','212-947-0797');
INSERT INTO supplier VALUES (2,'ABC Pets','AC','700 Abalone Way','','San Francisco ','CA','94024','415-947-0797');

INSERT INTO  item (itemid, productid, listprice, unitcost, supplier, status, attr1) VALUES('EST-1','FI-SW-01',16.50,10.00,1,'P','Large');
INSERT INTO  item (itemid, productid, listprice, unitcost, supplier, status, attr1) VALUES('EST-2','FI-SW-01',16.50,10.00,1,'P','Small');
INSERT INTO  item (itemid, productid, listprice, unitcost, supplier, status, attr1) VALUES('EST-3','FI-SW-02',18.50,12.00,1,'P','Toothless');
INSERT INTO  item (itemid, productid, listprice, unitcost, supplier, status, attr1) VALUES('EST-4','FI-FW-01',18.50,12.00,1,'P','Spotted');
INSERT INTO  item (itemid, productid, listprice, unitcost, supplier, status, attr1) VALUES('EST-5','FI-FW-01',18.50,12.00,1,'P','Spotless');
INSERT INTO  item (itemid, productid, listprice, unitcost, supplier, status, attr1) VALUES('EST-6','K9-BD-01',18.50,12.00,1,'P','Male Adult');
INSERT INTO  item (itemid, productid, listprice, unitcost, supplier, status, attr1) VALUES('EST-7','K9-BD-01',18.50,12.00,1,'P','Female Puppy');
INSERT INTO  item (itemid, productid, listprice, unitcost, supplier, status, attr1) VALUES('EST-8','K9-PO-02',18.50,12.00,1,'P','Male Puppy');
INSERT INTO  item (itemid, productid, listprice, unitcost, supplier, status, attr1) VALUES('EST-9','K9-DL-01',18.50,12.00,1,'P','Spotless Male Puppy');
INSERT INTO  item (itemid, productid, listprice, unitcost, supplier, status, attr1) VALUES('EST-10','K9-DL-01',18.50,12.00,1,'P','Spotted Adult Female');
INSERT INTO  item (itemid, productid, listprice, unitcost, supplier, status, attr1) VALUES('EST-11','RP-SN-01',18.50,12.00,1,'P','Venomless');
INSERT INTO  item (itemid, productid, listprice, unitcost, supplier, status, attr1) VALUES('EST-12','RP-SN-01',18.50,12.00,1,'P','Rattleless');
INSERT INTO  item (itemid, productid, listprice, unitcost, supplier, status, attr1) VALUES('EST-13','RP-LI-02',18.50,12.00,1,'P','Green Adult');
INSERT INTO  item (itemid, productid, listprice, unitcost, supplier, status, attr1) VALUES('EST-14','FL-DSH-01',58.50,12.00,1,'P','Tailless');
INSERT INTO  item (itemid, productid, listprice, unitcost, supplier, status, attr1) VALUES('EST-15','FL-DSH-01',23.50,12.00,1,'P','With tail');
INSERT INTO  item (itemid, productid, listprice, unitcost, supplier, status, attr1) VALUES('EST-16','FL-DLH-02',93.50,12.00,1,'P','Adult Female');
INSERT INTO  item (itemid, productid, listprice, unitcost, supplier, status, attr1) VALUES('EST-17','FL-DLH-02',93.50,12.00,1,'P','Adult Male');
INSERT INTO  item (itemid, productid, listprice, unitcost, supplier, status, attr1) VALUES('EST-18','AV-CB-01',193.50,92.00,1,'P','Adult Male');
INSERT INTO  item (itemid, productid, listprice, unitcost, supplier, status, attr1) VALUES('EST-19','AV-SB-02',15.50, 2.00,1,'P','Adult Male');
INSERT INTO  item (itemid, productid, listprice, unitcost, supplier, status, attr1) VALUES('EST-20','FI-FW-02',5.50, 2.00,1,'P','Adult Male');
INSERT INTO  item (itemid, productid, listprice, unitcost, supplier, status, attr1) VALUES('EST-21','FI-FW-02',5.29, 1.00,1,'P','Adult Female');
INSERT INTO  item (itemid, productid, listprice, unitcost, supplier, status, attr1) VALUES('EST-22','K9-RT-02',135.50, 100.00,1,'P','Adult Male');
INSERT INTO  item (itemid, productid, listprice, unitcost, supplier, status, attr1) VALUES('EST-23','K9-RT-02',145.49, 100.00,1,'P','Adult Female');
INSERT INTO  item (itemid, productid, listprice, unitcost, supplier, status, attr1) VALUES('EST-24','K9-RT-02',255.50, 92.00,1,'P','Adult Male');
INSERT INTO  item (itemid, productid, listprice, unitcost, supplier, status, attr1) VALUES('EST-25','K9-RT-02',325.29, 90.00,1,'P','Adult Female');
INSERT INTO  item (itemid, productid, listprice, unitcost, supplier, status, attr1) VALUES('EST-26','K9-CW-01',125.50, 92.00,1,'P','Adult Male');
INSERT INTO  item (itemid, productid, listprice, unitcost, supplier, status, attr1) VALUES('EST-27','K9-CW-01',155.29, 90.00,1,'P','Adult Female');
INSERT INTO  item (itemid, productid, listprice, unitcost, supplier, status, attr1) VALUES('EST-28','K9-RT-01',155.29, 90.00,1,'P','Adult Female');

INSERT INTO inventory (itemid, qty ) VALUES ('EST-1',10000);
INSERT INTO inventory (itemid, qty ) VALUES ('EST-2',10000);
INSERT INTO inventory (itemid, qty ) VALUES ('EST-3',10000);
INSERT INTO inventory (itemid, qty ) VALUES ('EST-4',10000);
INSERT INTO inventory (itemid, qty ) VALUES ('EST-5',10000);
INSERT INTO inventory (itemid, qty ) VALUES ('EST-6',10000);
INSERT INTO inventory (itemid, qty ) VALUES ('EST-7',10000);
INSERT INTO inventory (itemid, qty ) VALUES ('EST-8',10000);
INSERT INTO inventory (itemid, qty ) VALUES ('EST-9',10000);
INSERT INTO inventory (itemid, qty ) VALUES ('EST-10',10000);
INSERT INTO inventory (itemid, qty ) VALUES ('EST-11',10000);
INSERT INTO inventory (itemid, qty ) VALUES ('EST-12',10000);
INSERT INTO inventory (itemid, qty ) VALUES ('EST-13',10000);
INSERT INTO inventory (itemid, qty ) VALUES ('EST-14',10000);
INSERT INTO inventory (itemid, qty ) VALUES ('EST-15',10000);
INSERT INTO inventory (itemid, qty ) VALUES ('EST-16',10000);
INSERT INTO inventory (itemid, qty ) VALUES ('EST-17',10000);
INSERT INTO inventory (itemid, qty ) VALUES ('EST-18',10000);
INSERT INTO inventory (itemid, qty ) VALUES ('EST-19',10000);
INSERT INTO inventory (itemid, qty ) VALUES ('EST-20',10000);
INSERT INTO inventory (itemid, qty ) VALUES ('EST-21',10000);
INSERT INTO inventory (itemid, qty ) VALUES ('EST-22',10000);
INSERT INTO inventory (itemid, qty ) VALUES ('EST-23',10000);
INSERT INTO inventory (itemid, qty ) VALUES ('EST-24',10000);
INSERT INTO inventory (itemid, qty ) VALUES ('EST-25',10000);
INSERT INTO inventory (itemid, qty ) VALUES ('EST-26',10000);
INSERT INTO inventory (itemid, qty ) VALUES ('EST-27',10000);
INSERT INTO inventory (itemid, qty ) VALUES ('EST-28',10000);

INSERT INTO review (reviewid, productid, userid, title, content, picture_url) VALUES ('RV-1', 'FI-SW-01', 'j2ee', 'Review1 title', 'Review1 content', 'data:image/gif;base64,R0lGODlhfQB9AIcAAAgHABUQBQwaBQocEiMYBCAkBiAdEyIeHREsFRU4HCUtDyU5FhgzJyU3Ix42Myk9NTMmAjImEUEoB0ExBDkzCjsxFjo6CDo+EzMpJUAxIDY8JEJCHDoxLjtALTU6PUJAPlArAlIxCEo5AFI5AEo5CFI5CEpCAEpGCFouAlo5AFJCBFJKBFo5CFpGAGM9AG9BAEw5EFpCCEo3G1Y6FFpCEFpCGF5BCGZBDk02JUpCKVI9JV5CIUo5MVo9KUs9PFk/NkFMJE5NIFJPIlJWMVtODVxOHF5KKVpWJSpNQTtQQ05KOUxUQV5KNVpKQlpSOVhgO2VSCG5UCmtQHWlYJWdONWhMPGdXOWhjO3ZeF4dkFHZaNHhmOH5xMn1uQIp0OKuHIEBTVFZTUUtkWVVwbWdVTWdmT2djZGd5c3hpUHx2Uoh+UZiETXl0aXt9fpaEXZCBdISOe6CRan+VlJSalq2YaLSsbrGihr61ipKmqaOvrrO0qLe1vrTGvLvIyr7I177Z2dWaENenEO+vAOypEOi5Evi+DP+9Av++EeewJNqtP9G7iM7BjNLBm87KoNrGoOLOmM/CtdLDw9LQuM7SztPL0NbO1s7W1s7e1t7Gpd/QrefSqfHaq9jT0NbezuLavfTjvtDO4c7W597S1trW4tLe2tbe3t7e1t7e3svk4cvs59be59bn4tbv3tbv597e597n1ufW2ufe1ufe3ufW597n3uLi597v3t7v5+fn1ufn3ufn5+fv5+/e3u/n1u/n3vfv1sbn79bW79bW99jb8d7e797e9+fe7+fe98/r79T3+t7n897v7973797v+977997//+/e5+/e7+/e9+fe/+/n5+fn7+/n7+fn9+fn/+fv7+fv9+fv/+f35+f37+f3++f/++/v5/fe5/fn5/fv5+/v7/fn7/fv7//v7+/n9+/r++/v//fn9/fn//fv9/fv///v++/37/f37//37+/39/f39//39+/3//f3///3/+//7+//9/f/9///9+////f//////yH5BAMAAP8ALAAAAAB9AH0AAAj/AP8JHEiwIL+DCAX6E4jvXz1+9erhm4jPX8V+/r5pfPYM2J8+fPKIzMOn5B9gHDl+s9fw3r2G9GLue4hQHkR+Cv/52/kP4cGCQIMKHTo0IU6B9ARG/IcPp0t/93b2I+UnD542Z8aIEQMGDBKvXcGIGXOmjZw8fZZpm/c06sOe9OrFO2izqcKKAn0eJcq3r9+eNyEm1alt585sfvDA0ZrkAYPHDhIwkCz58QMHkxk8SDJWDp4/rbLN49mOXsOJEP/ta3gXcMK/sGHzzPtwLs559jD2a9Xn6pgkDYIrQLBggQYNDTQYN66hQ/IGC6BHf4xETBs8fZiNZorvZUWLC+8x/3UIuHzs83wN0+YnTx69ff76eQOWR44YxwmCMwcCZMMGIBZUQAEFF1zgX4EbBBFEDhscl5kDSYzRBh+W2AOVOur8cw9GbjXVVD092YXeiEIZxhpN/OwDHyp4nIFEZJJJp8EFQChIQxAnkGCBjjD0WEQQNNQAA5A1/PdcAwkowEASZ+BhiTfx9SOlhfdA9NCVOi20EIlcDiSelj1lw48/pMzxG35JFjdjgifUkKMIE4ggJwkknECDnSecEAMRRRCh4IHMNYDAkmPk8Ucyz3wzpT9XRgQiiFt2KelphsW3Sh6/IWccEBfMWKAFFsBwAgxE0KBCCXKqoEIMMdBAxKquSv9BRAwiBCmEDkIwGF0DDDiAxBh8oCRlP/fE5WhqGkYq6V+DKbXUhv1804ccD0A3Yw44ZpsnDCLYScO3RRRhgwpyshrDqqu2sGcLI8RwQ6kznOBfDsjx+gAYZ4DWzzzw9GSOTUslWxE/eC3710EPRdUPMHiMgQQDDfgXLp9EzNrqCiKUQAMJGtdQRAwkjKACDXueq6qqLbSggsismsBjEPw5l0AC1c2Byj7zkPOQsUkVPLDBsEFkEz/2TPsixBoI0WcUWDQtBRQ2uDtyCSVwXEMNp377aqsimDBCqjFgLIIKJpC7o4I5DJHDBREooEAScPSxyz7xDGbaPzHlJZ5DygL/XVDe8sw1D6aXVVujEES0wHTTWERxAxTvklw1CTN8e2cNRJRwArnkyrlCxV2bsIIJJohAJwk1CGGEDjrQm9wZeuySsz7FhheXhk715HdQg+20Ty14hCEcpxec8KriTTMdheM23GBq1VTTUITlpapAArpdq0AEFKSvsPnm3E5AAgwz1LCDEQ0q0EAYeLzijzf2rNVUUvUwqhOIu/89UHx/2NeAAhnYwAxIkL0WfA4KUZBCAqFmrhFQTWPS21iQSvW5WaHMgOcyGQxUkCMSiA8GHhNCrnLgNjDggRRQ8sc85hERfiRlNaopWP6aRQ97AEMOL9JABEhQBCi0wAUpW8Hn/7T3NAuWrATmatXHIGiqVlmwBYlr1bdqQIMZVE18OiJBgopwhCEIwTkNAEMb/uCNfthjHvEIHD+qVKWG7MNgyvLQYVrRBjA4AAEKgAENRgCFF/wwiEQwwfaK0IKxxUBWFRPXnmhAtVURcGUi0x4UZnWDGtxgB986nY5AZYETBKEIJxCCE4BgLzn4wRsrjIuxGLWQ+i3Ld/abCD3iMy0HBKdGchrBH32YMij4MgrHs0ELnnYDG9hgVrOS3sfkpDHOVYxd0ZuB6QZIgR6FKghCmIIaprCFNKShDB9Y0hku0Y9szNIcpqlfPcQzJleipyGwtBI8U4HD4rDpBBPQ5Q+hAP9EKDzNlylLAQLfdcyKkWxPUvgYCUJgPTpZD04mmMAEaHAEIX2yC0fYQhzUcIUuuGENdKCDF9QAhzIAxwNy6IMZs+EPVdaDflrKHXoqhZSGrGIOSCCOf/JEAq+loAVQAyoRiggFFaTgkMRkVRHelcFZERB1PeoRCSggUSpeQQ1q2EIX4uAGrLqBDm7oghe4INIjXCEOcHhDBxjwgTkswx/LKFZMTLMaGDZrL305ipb2uos8JCE//TkBqETwNcVFQZgxmOSexqWuG0hBCiQD151UJSeJwkB1QRhQBmQggwukQQ1d6AJWveqGIxShDnS4whbogNouXOGsdhADcsDgVm//dGMec81bUuwWG5zgpCUq3BcfxDCcnV4gTmUTgUCloDKTJTMGKYAVDSrZKm+dwATXncA1dVABAhAgAhngQQ6wegUjpIEO2+SqVu9Qhzi0l7WK6MIG3HAHNjjnAEnIAzNQic7c4u2/APZLisbzHSn1YQz23CIRjGdBfZpMVU183ghYYLmN6RGUKwgCETZgAQpUQAERMICID/CBJpDBCVb47GvdsFHWqoEOi6DDFKRA3zWo4Q6MsIMaytCBB5yhD9+AR878u1ukwGYfv50ItP4AhwQUYANFcBPFZqWur8mpa9c7VQlONQIHSnFUJ4gXjvxjAQgUgAAiNsABRIyBD6jt/wld3UAN4tCFKdAhDjFYQ3y3MIU4KOIOf77DIhgxBx4j4Qyo0AY8yIHbueKjrgPrm1CQTLCJxMcZ9TTQyDK2AnLl81wSjZOcToAqkZWgy4scWZhPcAEYFIgCZyZAAdK85jRnQAlOgLMbWKyGGnh0tY9YwxS6cAdHKMINWlhtJhrBY83koRuMFvJc1wiiN1ZJwPHgzj/U4Q8+jGFmQJhVdE9m5a+JTE4uO0G5zT2CoZaqTjDYwAXOXIC2GSAAtDbAANSsgAoo4Qps4Kod2usFOihCEZtQBB3soAlNeOEGXpBCFxzBbCU0wAFi4EM39lGNmJDDIWwck04AjD+gIFnbcP91EQJo1OkUdHlsXVYVyyCcpxh8DZImSCyfbsRqWKM5zWrW94gVIGKiRyAHZUDDWcNah0fUYQ1uqIMjNJEJTSgi4lqggyY8YYeSAgcOluhGNvRBD3IYK+QxlSFQ5mIa8fQjD0hIwAJqtALojvvlMQ9bDE7Q6a7pkrLtikG4QFkBM/+81kEHugEKIAADRAADR08Di4FUB0Ws4bFaZ4TBN2GHgnP+DpmQhB7YcC880IJf9MjZS9c5pqQshGCSzgveDGOJM1gr3M8EKru67DV0We+hcYqBygirvSJMQQgU8O7PR1zrAByA6AIIwKwJAPkAVAC2642D9LRQbNfGgRGbwMT/Jx6hBSo0ohd6SMMSfNwHfZDD7DFZ/T3e6I81yl4oL4zWHKqlgQS5KnEtYAM+pAJQdEwmg25wEngrMzLhUgOF513TJ2IRcACIZwAAEAACMGuQZwAVUAHjNXB1cAd0sAVrcAebkAldYAR9pgmPYAc25gaQ0Ahp4ARh0AFJ4FbwkA06E38x4Q/7wE57IxT4kBT9oA+XgGALUAFBQEUVYwK+BDUFpS51d2Xl8i2cEyQ0QAEQ4F1phmYR8IWQV30XqAAYYADUhwEZkAEVIAMvllVdAF8iqAh2kIJxoAl2QGOYgAl2EAdoQAZo0BhjMAnQZnalURr1Ax9uNB5BMRH7oA/M/4BTC4ABFXA1GzQ6RLBARBA1qrInK5NL00MDc+JBE7CFXkiBEeBhFYABGpABHXBv1PcBGXBvAJABHFB445UGUwADRRAHxuYGc+YIduAGjrAJjBAHd8B1aKAFaBAHdtAGSOABc3AL70cO7eAePfhC4/FGQQEi2dAPqYCEGwBCG4NdnfaEQhUDJVAET2NzEFYDdCJRWwgBEPCFFIgBaFgBX5gBOVCL+IYBStAEGBAAF4gBONABFaADabAFVlAEaVB5wBh1mPAIJ4hjmeAJd5CMaLAFdxALerAEDnAGYcdo7VCI7zF/90MU8vAP9vANeJAEC3ABWHMndDJEIjA6K+BDQf9ySc5TSCKwAZ50BWmAUVqYjxnweBmAAziQhjigBDywgf/YAQcQAAF5AD7whTnABHGgWnYggmpAX44AjF25BVrAcBdZflulCZKwfkuQB9qwDNswD+0Al3WzRkUGQ0CRkv2QDNSiABuQQTniLYEEBUIkmDUwA4ZJAyygAjBAAhCwAZLHVW7wBmoDa/6WAxWQhhGAA2RABj+Ajz7wA0vgA2RIdAaAAd/FA0yQBstYjFZgBK65CPG1A1awA1RgB5+gCXegBlrwYp9wB09wAA/QBqiwDM0wD9pgiDERckEIFC7UDwfGAEpIBD/FQa6SjjRgk9zTIzMQAnNSAReghRQwBGn/wIxxUJ5BGQTyuAEV0ANM0J4nxgM8UAZNoASxWIYBaYYZ4AQ5YAVosJVoMANGYAVH4AbFOFpx8Al2wHCMgAkNt2xtEB1i4Aff4A1r0Q79VSz/xVsGAQ/9gAcPA2U+tCd6ci5XQy7eAyeiCI8eVpTyWAFPoAbGWAchSAddsGAyEKBWwAQ5YARO4AR+SJ9KkANKwAGSiAE54AQ9QAWfxVVUEAS0qQWOgAmMoAiMkAmYoAar+QkMmgmZEAfA8QB4sAxqQY3xUBr0IFf2h1cDwQ/wsAxnYEsb8E9QcC6JkwIhUD4PZQHf2WHyCAH2CF7qCQEUIARnFYIyugh1wAVXAAMU/xAERiADFRCgToAG+tkEOWCpPKAEP+AEP6ADRkAFPbCMarA6Y8kIX7mgn/AGVECbi2AHytYIbHAFPYZoarFoZtdfGYo7zKkPfSAGDqABGtZHk5QyL5ACLBACINAq2DQgEKAAZUYBGMABtRgBlykgEHAEaiCj2tpamWUBCiIDQ2AFKKYE1BoBmcoEnMpZrikDW8BiAqd5biB5boAJd5AGypgJdjADV1CMT5AGY9ABYtAH2iB25IBOpSFXRRZgAqEiHsoAQ3AEROACAEWAUeACLoACKJBAU3AFH2YBzkoBGsABPsABOMADm6WejGkBU2Co2roIcTAFciZC4KoDOSoDOv+aAz+AszkAqTKgBVaApTC6lXSABjqwAzqAlYyQY2RJBbUZB08AB3CgAWC6CtmgDe9nsGdKD2u0tUABD/rQBtXyBFPgQ0CkMorzAijwAlmQBQmkBmTgnaByAeEFn2mYhjt7AUIwikSwBtt6B+ylBoKFTTJwBDpwo1fJBPQpA4XLWZ66BVRgBGgQr1zFBFbAtEbwBnZAB1bKCG5gBXTQCPSlBw3wAHCwDNmgg+RQpvTgDvtwplu7nAu7CmNgS0NQBFEAVE/YRy8QBYAACInwBSBABXFABhGgARSwAWn4AzyAlMi7ATKwATrwJ6G0VYbqt3FwBCcgA6pTuDnAOjiQA9//y1mcZbTnQwU+WwV28AZqYAVWcAWR6wZVAIP0mmOOUJF8oAQMkC+6kA3wYA7U2A4IS0MFoQ98AAbQEW59FAWCKUxqOwi9CwhfgLZv8AY8UAEbsLPwmZQ5oI+bZZndawQMkgMDyrKNUAdWcAFFAMKeCsLg272sU7SKyzoB6ofl+QZogAaPaQfsaweMAAmQcAdb2Qh8UAbVsQe3sAxXS41ZWw8/uBePJhD64KFJsgFk60MVEwVfkAiIEAiC4MBfgAJaMLz6KAM40ANIKQPgi8bf+7062zo4cAFXUAclfAegC71HwAQ8ygRu/L0vvLichQNM4L5o8AbepAZp8AbMqL4J/xqZGXnIcLB+YCAHpqsLVzuSc3UP6jRyA9EPcqAfpPJTBpQnROAFicDFhCAIiIAIaBuZJpsBOmDGigu9LawDSqAD8PkD/+gE6BnHjdAIOpYgeOwEeFzL4MvHfgypR8kETcC+ZMCfNxyvkam+ZNCe/EkGZQAGmyEHyrAL2UANStxf7/HEdrEl3/CmDeCd7PJTbmInWPAFiHDKhXAIg/DFY1kFGnCQOPDC3cvG4MsDOZuz4sUErDYEbhCMC6IDQzDMIMwE4sU6aUzGMmC3Ad2pOVAF7HsFVYAGVuCHfnjDN2wGZuABwYkM+2sNBUsPZjpXCisQ3jC7DQAE1+NyLcBqGv+2PICACIUgCIXgwC9wA3TABs9buD3QOt1b1DnbA0rQAzkgXjiwAUYgBEqoNuBqBEqAuEaAyzqaszqAAxHNxzirqZmqA2mouN0byExABRvdh1vw0WZwGWMQCtJoDeBAknOlTluCP63g0kCwQS4gMqASBFNQsVkACKcsCIeACFnwAmsQB0pwwayj1DraOq2DuJJ9lSBM1UYwBESNrpztBFWtqTkAvmONs4irBP84n2JdrhKwWUeLYh3thyB9Bh7gAWPwB66gg95sobmVsJHyB76KAEFAQClQWZ4VB2vgBWtLCPAsCIDwAlrwBk8Q0LQMwlqdA0pN1DmQK2iMxgttBT//0J5OUAU96tnKXNXFHNpO0AScqgRhQAZVjQP4+F2RWsvpzZ8mltFmINsPEKGlkA3WoAtzDX8q3TN74QdgwAAaYAESBScQIAFU8FFe8AVYMNiEYAiGQAiAEAV9Zgb+vDpUjdRITdW4kt2hHdqIi7PsyZ5UAN5VcGIm1gRNoKMRvQGl/Y9LYNpLvcER8F1Hd6Qtvpk3vJlmEAZ2BAZ5cA3VUA0Fuwvm0Gh540rNYuAMsAAKbgHdQgIgsANdsAXLs7aELQiGnQhZIAVzQAafKQTng8sLfZVqc7M7WuLf3Z5yXgVVgK4++gSb2QTL67xC2qNkEAZO8AE50AGebZlfCF48/5DezbyZjF4GYtAYRn4NuqDk5MDkqTfgfDMQewAGM2MBZBNR5ANxa/AFWXzThyAIF57hUmAHZKDnOyAE7UnVw6yjtH6Vtv7hP2AEcy7M/4jnJpaz3G3dPloGZDDo+hikHZABkPeFGrCpjL7of25SDmBCSV4NOqgL8EAP4Pxf9iMQHkocFlACiwkBIRACNsAFiaDFqXwIFi7PETyWMK4ENaDrVY247ZnQSoDZ+S7nl/3dVBDewqzoZdDiTrDVSn2kPtrM+R6kPGCQYVgBB1ABmarejG4FZeDoHzDtc1ALSl4N4FAN8SCXPQgizfIPOIQACGABM8CoEoCsGfsFhBAIgf9g4YZg2ICQ2F5gB6btmnkszJz980wQ57Eu58yMYvM57MS+3qFdss3so+yLrkpgkAfQNmiIhhwgXj7wj1ZgYmEQBkgQRhs/6UquC2V36bqlq//w7QsgZzJAAi2PAnwE86ds4YY9z1ngAiyWNnjMoz4f8D7/802w4p/Kvp49BJ4dpP+4mUGahvCZ+P+MpFwNeVN/AKrY8DzAAbTYAfC5wR1gg7xCW7dQC9lAyWR/q5iuyX4ld2xPPjBgsS2QBV/AxWA+CA6c2FgwtLAuBCtu5+ga400g3spcBb9fBUxbuU4wBEG6BDfeAVlv2hkQsuxdBmag+PoI319IAJTfAR+g+T7/YPkdcPWYX5QYoD4IcAAmVAu1MOnkQMllj+nNkvovKVUwUAI38AIiAAWxP/u9m9guoAZ2oDYA4aQHEypOmBhscrCKkyZVGjqpUsUKFSYHnZQpYwbjEh4deHRUkrHNSDZswvDIkaNCBAwYOiwJQ+bDBw4dOHz8wINDBg4VMChogIABmDyratXS1W5XO3hM6T2l9y/qP6p9xCRYUKHEBBElbrhw0UJFFECBAAFKlMXFDTRxysgYYoWJkSoVGVppqKRhEzIN+1KhaAWjxjJn2JgJw4HDhzJt5sjJk2dkGzhv0GhAiWHynDxmdCqeWZODjwwfFDxowOCAmDykqunSVY0c/7l25OjZfipV978/YBI0kEFDhAoVNm7cgDIiRZYvgL68QLFDTRw0TXIwkUtwIV4nDBfytUKGTBkyVrqPN8MGznrHcHwwxqOHzx76c+LPmQNHCQYlbfLo2YOSSOYwAwMOPPigpfc4UCIMB8V4gAEx+HANNmuyYQo3qKKa6h9gxmCggSBoUGGFFog4TooQJAAhiyyiEKEGNyxTAqWDtJOoCbyY4IshvvjqqwknyEgPDjk4w4O+PBabYxJS/PAjlD3yoI+TOzSaQ4859oikElcqGRBBDjDwQDEy2MhyDz74GOMBMfpYRZdaqgHHmtlsw023qehp5gwGFpBhBhNUIAKKG/9YgIEEFlFoYQQiukiDjAw8UqKHHyrKMbwhh+wxpjCa4GgJM+DgDMA9+hjFlT2WaKMSVbQhBptg8IhMSzfYsKMTMPugBJRRLBllDzNoWoyDMPLgpJJoyNFmlTbHsOSWoy6k5s4Nc+uwmTZClIEEEUxYIQYWQIBAAglYuEGFGIqoAYYKKpAhhx9S2pQMiMTjrokwMirjsDKSCAMOLkEBxRVjZjGmGmLmGMUaS66BWFgzNHriCjga4UMPSkYJJVVfLZkDwQQ9gAOadqyp5hpV/IDwDFSqoaWWanWhDU9sd+NTjgcUqCBRE7gaYQIIIAhhhuOgkKIGEiiAFwd5u+uOu/L/mhASvZJKGkkOPPxwhZhj0sHmmK+J6QOfatK5xx11QMGjjTJyEOKKNOIAcJRZRlHFmFFS3SMMDzzAIIw9qNEFna+b4QMMJORQZZmjyCGcHHg0hGq3f7rJA4kFMgghURG4+pwrFozDggsvvChiAhJk0EEJJpRYQgmIDhKyiX7VU49UzvjoI5RrvMaGHWnYuWePOa6pph1jokFHmln0YKOLI47oAg47IpHG11C6duXLNg440Iw9ZNFFbHXswUNxxqWtxRpwdDGHtqag2gef+qn6JvEG3p2BBOFAUIEJTFCCFNxACqdbgxewQAMSwEAHKckB7JTgugn64EyUwU+p+tAH/z74QRXYwMbw2JEOduCjbdVwBzmigY91GAMakLDDG46whbnZARIb+53BiFGLUbSBTB4wgyisYQ10pEMd22gDEsDAB1S4AinW0IU1mmIbeDwFHxyiyj60wY2rNGADOhCXC1IgluLYwAZSMB0XsoAFIsRgaRGcSeyW4IQlcCAJZ4ADlegDJVAEg2B+KIYx3IGOdbAjGuvAxx7asA50oMMd7EBHNGZBCUi8gQxpUEMa3nCHSCBsFOlwBSV00TfwYcAMp6gHOYhIDGWcwQFj+IMqjKILashGcpSr3z7+gQ+qzKMbrmwAEDbwFTGqoAXGYcEIoGC6NUKBCEQoggw2wIMPAP9sX4Y5QxuS5Ic+9rEYxADFMEDhB2OkAx3WWAc03vGOduiBDO1YxyMjyY51UCIPVEPDG9LgBjtkAhbHGIUxumeOPTThQAcIQyR0wYlZrGMefVCcy1RxlCjSDEPzu1mH5uENPDwgARqAgdGKeUwbsCAFRChdFKCABSm0NAgyCIkZspnHU+2Bj6EIBk6vgQ5iQMwPI9nDOtrxDmpQAx9z0AwlCJmOduBjFnP4AQ+awAY3uAENdICEKNyBvFGIghJtoIlNjiUOakCjGvfAgxLlgIxVONGsqsxGPCiHRar8w5d8SAJWKBCCr4yxBSSNgQqgEAUbRKF0zoSBENJgPSptkBL/fthgOHFaDWO0jxyjUMceMHCANsxCFuUQBzT2QIYxtcEa7XBHO9ohiu9h4AdOQAMm7dCIU8zCS+aohh7GFBoOsEEU9RiiK84ABjHgoRUTRUotZzMPc8yjcnT9xz260YoxNGABEYABC8JCxhTYoAUpiAEUWjBYLNhABSJQLN0g0Qc+FiMUUApGMKqhDYomRR3VyEOS1EkNc0SiCQfwgQ/0cFqUWYMalWTDG8qAhtjagRGi2OEoIpEHNnjAB2HwgRJGMwdKzMIfVvEALFFhlCfaaTa32ZDl7DoPZswhCQpQAAxKEIO/nre7UAgvFlRa4xGIILFWUIMeUAUKnO5hDGDw/wMx9OYKWppDF91DxzuMoYtymOMckfABD8KgB+C2oxoyq40sYmElNjihC3GwA68mzAaaBLjNPuDAmfJgjTx44AFyWEUp2mohE8+viljUqDb0YZUGRGADNChUjccLhZViAQs3+OsxVUCCBg4BDXn4ozinJIxjKMMV1aCExqpB2SLWA56nwEc73DOHeozDTuccojVyQY1YQIINOSjDG94AhzY46FMfwDCcA6wYH5hBDmbwAFGWIUukwOZOzTUHVOzHS12u2B+3OEMHFhCEIBSB0X8Vr6GkoOMWqNTRUoBmEYqQAzPkgZtEDkUxhEGMYKSjGmANAzHQcQ1QosMY6JzFO/9E4YM9iEMWRMxGI1GmC1lMwtZKYEMalqCvmQA7DGZowxvaMDEzvMcBD/h4G1BhCVXELLnZsFNTnPuUXPKSKv7IxjyykYckNEADRwhCohntzBaM+7ul8wIXsDAFohfhCBwwwxwi4YdJhBMUyvhdOiSGDcqeLR1fM8Y5Z4HxesjC3kVMhzlrAY1TdCY9ZnDCB5ZQbMdEQhTQoIYo5L6HN1RYNcWdxERjBhtdgIMc4GBKO1JsP6rcZh7ksMckzmDdJxyhjePFgjPHSITxciGBQp8CFtR9BJV0oA2864Nkcwq2dx/jd8U4huHwsTxrTIwX5Rgkv62RdabWYg5siMQe2KD/hA8AcQ/jKEctKCGK9lU5HP+eAxgktIejlKIWe9+F+8jRXHpEm65TsU3M59HRYA6hCESwQemwcN7ioNQLdDgdF7SgeSlMIQgRCIAG3rCHSeQ9nMMIxjGKMY1rSOMYxtA/0zuGWUCHoxKwd2ihrHMHd0iHQYoG+pAFUZgDDPM8TsgFWZCZUagEUXAFk8GH7UMCD5gDS6iFUziFo6CFXaAZcIgfehC8p/CHevCHf+AHfPAHetgHa9CGe+iDM8AKIDgCKTAsNhoUIsi8LViDJAy6LZgCKSgCKQgCIbiAAKgAOFgv+KK3+AqGvSmnazgGYvAad3AhzSIDSiiHdjAnIjIG/2PAB3fAB2qgBE7Qg2FRgsHxqkogB3RwBQ10BXKohj0Qg1fyg1qwhFOQE124BV3YhemTH6iQwXr4B3/AB374h32Yh9rQhmVIKwS4uSZENwEiAi3gAtNRQi/QAi1oQnUrAhigAAIIAAVoN/qDLHgLhkoYBR4ChXISKFf4rEgYEzLYA3WKNUSChlpoh3JIlnv6gCYYMFmohu75tHRAHnsYhTlAgsW5hFI4BQzMBaRQQRaMNuqjhxiMwUjcJXoAhzasBm/4g6tYgA2oAURbgROAJi5gQtNRgy1AxZZKGhqgAQggAFcEAAVYAjmoKSjhmtuTg0pAGR6yBleoB3N4Aw7AAf8DMKU5gIQVcrJ3MIeOrAdb+4ALUzrioyxVIIZqUAZ10IY8EAMkGIM8QAVthAYMRERFnL5xuMTnKry6mpxU2wZvSAU8yCsKmIEisIFnOsKh6wIv6AItYMKiq4EaOIEJCMgCKAADCIAPOIMt2SBL6AMzMIADYIP4qATZOIUBmRc0KInq8AE0ySr+orVIaIMs64AmaINIqAWDcQV1uIZhuAZ7+CkHWBxUaAVROIWZhI1b2AW/60h6iAedtJzHVC118IZkSIUx6AAFEIIpoIETKIJRDDou6IJ83IIuaMomjMoiIIEJmACmUQACCMsk0CY96AwP6I85cAw5OIxe07Lr6QX/XvAFStgDOzADDmiC9Ki7JqCUkGyCPICFgKoFY1AGYtgGZUgfBzgDPkiFUiAFWaAGQ1REmoGHxnzBqLif3ZCHeIiHdvAGbUgGZ2CTBdCAHNgAGCACobO8NVAD0TTNpkTFU3RCGoCBGtgAgCwABQiAAOgA9QAqS/gS4cQDNgCDA8CAOcsFWvKFoloHWCAQDJgUHpigDBC2DyCDOYAFc5i9WtAGbQBEJWIvUjDBZoONbHi2lbuZuqqr9IyHeZgHbfCGZkgFF2uAHBiCKzgC0EzCNegC/rTHU2SpoqOBdgFIAoCACDAAAAiAJZiDDeqDU7GEUvgVYWGANqiGU3CiKJqy/3UoB2qwgxrJgQjggcEggw7AAB94g0hoB9yqhR5UKz8wBROM0QslB5qRnHZ4TGnTpQ6hivR0wY3y0X74gzZoAAV4AjS4gi2wPDpIQntcyi3A1NPUgpZilxOggKEpgAh4zQAwAAMIgzY4lUnglUkYhVUQFjCIhF+xxej0t1jbPRBVOk6IhUiAHh8wpTwQhWqwBDkAA+z0A1QA1BPsxkG1FlyaNhylinqAih7t0WXYBT4oA5srgzTYAi9Iwv1UP6b8VC/QR6KbAnUzgpeSgQuIgIAUyAA4AA9wDDWhj0gohTz4gDawBEoghj10hWHYm1kwB0jAMDuQhXM4B2oQB3Ooxv8mIBOMa4NlfUlgOAVtNEG+k9YTYy6ouIca9AdKxFF6wFZ6uESZqwV42IU8CAObq1Q1UIPTGdf0c0rR3IIrcEp2NYIpMAInKNVUDQArBQAAMIAPSDo+iIQ+mISv+oA8GIWmC4Us1DcNBLZKgAZoGAVZGAWTqYU9cKUDeACQI4pQiElR0Ea+oxnpmyt64Id7sNa6uod7eArBuxNwgAdTENIHsAI0UAPTRKAtGDos8NQrGMUmnQItsAKgfakNKNUEDQABOIABCAAA6IBRoY9OoIQPYANL4CMtHIWC2QOkK8YWaiFdSBhtSNYkcAAHAIM5aNZC1MZu9Ng7CVmoIEdInNv/e/AHu60+c4gHc6CGXdiFSVDWBuiAK2Aw06xZR1tcJkTc0tRHp/TUGboCGShVCrBKyb3co0U6OKDNJSCZSgAF0PUDPwIFXQgZNgAFhBGoWVCGX1EGZMgcB8DXPshGV6CFjpUTQbWWa3nEuaUK3wXec+hIeXgfmeuDJOKAJVgwNOgCfWyp9eOCKcBUp0RFTx1NJjSCIwDaDSCBAnBFAhAA2FxVi/yADvgACj2Drfkj0O0MDAAD5qOEY9jDYlAGVUAGNkGCO+IDVSCFQixB8ESKOzmx8tyHkZVbAv7de8BWeUBgc6iTbMiGZugDOXCABkiCJyiDS/VUU8SC9MtHe9TH/3ENXC04AqNjFxg4VRImgAIIAFc0ADk2ABZeggf4ADHIpjMwAzFIkHttA4EdBXpTBVUIhTwYA8H8vFC4hEngWGhl22l9LhkkWd6tqydGWXOQYiq+EB9Fhh7Mqw4IV5pdytOpWSRMIExlSnJdV3WL0iCggAiAADlO0Dh2xQQNy5poAAx4AFGZmA8AgyUgkzboA1eAt1DAgzFQIm36gzwzQVmA1mb7WJvBwWkrx5K1Vn/YB2yth3g4B3COn2yYL29Ahj84AyRIAFJOgzSQYDWoKgRKoNPxgpqt2X0suiKYAciFgMsNABL256MFAAGoYwTQSipZEy0xgyRIAmNjLz9YZv/8PYM++INSKIU//dNubDZwsKUTkzbzpDaXw1F+uEF+QNnqu412mIdqWIZquIVWyOIkQIAGWIJKvYIuWAM3WAMtINfTOWVMHVf1c0InPAIhYMVc7mfJFWgsTdAC8NwskQQ+6IRO4IOLDbEzGC7BlIM+sARSIAVOsASMroULdba/OzENablKpAqRpgp+4Idu3pDaIId7iIdqyIZduIVVmITka4AH6IB9iS01SCCepmcxXr+enoJ1aVcCPWoqxWXvxVI5PloDaACtzBL5mAQ+UNbXhV058AOLBtNOMAVZuMBDJNTZCDxEJTxqI2C3fuuU9d3auA2/67tVoIVVYEnU0ID/JdinqkI/0Cxsed7UUIVlEbYAU4UAovXeOMbKyxUADeBjJNlsl9waS7DuPz2FWDiFXLBdmjltesAoHNwTAq4r135reqjbG7yNogIHXzCHE8yGfr1YB+gAMcCkOIiDNcgC0wnuNaCD/64DTcVgJjwCxp7lCIgAW27qXMZSyz0AAQCAmX4AD0ACwXzJZx6FUzBMUZAF0jYFsubos74WeqhWXWLrkXbtJV7iS7RbcogHeRiHoiKHWrgFZchiCFEADRiCMqBZDOZv4KYDRRByTSVX/ZyCNQ6CC7iACjhVAjjaOW7yVQ2AARgABKDyAWCA1wWDrQYG6wbTU/jTWOhG7nY2/78TcfqBrmqbW7eG23tYYuB9iviZjTohnOezbcnIq3UWgycQV9PURy+IAwAP8E2tZzdQgysQgijMgQs4UMkWgCg3AAU4AAQQgCpnACxHgs+jaO4sxG3cxrHe6I4ecRLPpbUmbxwd2eiK232ACiSejeKFjecjhT7AgzOIEPouUga7b0Ov5yTVz16PAzU48iMwAshFcDnO5atUAAawcisfAAvfaj8Iaw2H0Rg9wUkO8betH+g69baWW0secUaUcyiKdeNdBc0eAzuTTyDwYjgw9DKYHlZ2g//27/82RQymghlwIBiQAFRdVQGo9JnOcpeUAz74g7TVRlIwzGlm29O2Zv/VNnG17vYs4iUOuRZyYC4k5jvbLgVaKAU+mIMxqLnf6IAuLoMnGAIjkBs0U4QAB/AEasotMIIdMAIj0IEK0AAGWHYEMAAEcIAkGAPO+IMvBRZTqISLnmYZ9W4kHnGpuJ+In/i1NvFtv5bmuhNqyIZYfz5dyDNYrfWWbACST4IOkJ18soM7+O9ApwM7CPYrOPkhgHsg6ICgYIAQQYLo5oOuroRT+JVTCOsMH2sm47tsP/Nr0ZOoJ+A9icGqR+KsX8RdqIZcMEFaoIVL+APNPgMxcN0GOIAGsDmYqOknEP1wPXkgSAIg6GvraoCPU6IzgIxJuASvPvra4oRnlZNrdzb/h0exFLtRFUN83Vj1UXf1QeW7rK8FUnAFZVCGWc8DOfBjMEiCsu3r30gAj0oAdU6ALM9ywVQiPqaVob+Erh7iUTCFDF/4wB9z2CB83KAck2biuC3v36+rqBjZKxp1uZ4NcocNmtSbgCIGMAWIUn3wyIEzZoyYhEiSgEHiEExCMQflyMHz58+lS39KlbJEqtSoU6REndJ16mStU7V0sSRXDRw5cvRkyqRnk949evzu7fzH79+/e0CHEi1qlN4/pDZz2oTXLmZMataosaRWC5qxWbVmueJYCtUlVBf58MGThyBas3n6XAQGDFUoUnFJjaLr9aQrWnlr1crFsqUuqDRv/9r0KRSpYaOKFw9VmpQf4ZnwYlojB24qVWrGdF11dcqzqlWlVoHVKJpUJUseLYX6E+q1qlCjQM6uXerUbFerVp1axfkvYMEzI+P8iRgx4+RFHePcF5mcOcHkploDvopvLVopT5k6Jcu7KVjhTcmCdQqWLFOi1JsP6R4v3lV6W638C66aZek22xHe2bOnT0EpNyBzSTm3n1PSkUNNNrvccosut2RXy3ewWFieLKJwEsuG623ICYgbhnfSLKfMIosrKKqk3YP1ZcPgZcLVFJk/9QDF040D6pgUUEoxddM88ZAzj3S6ONhiLn3pAo0s0DjJC3q4mCIlLrFIaUosnWRpSv8npnjmnXcU/lbLLrosE5x+M9q0Dz5ssvnPmzvK6dg+9dQY2TzmTEZONnzu8qeRf8lCoZNODvqKSKYouugruUyp6Cm0qKSSLLIsyVI11QS2qX7DEfaYUAD65I+cOh4XFGQ/0jPPqvAQCVU54IhTHVUsraRpLa5g54quun6mEoUr0SKfdn5BQ82x1lhTTmWVdUocUjjiKGCpc/JoZz0HEjYPq+RMZo455YR7WWXZ6KLpMrUsQ0wt1bDbbrvGYIcdLbRI6JcuuSRLTTnk9CtcPO2wGtm1pPI41E/VKoyjUtquOpM5T0UnmC7mZqMpxhgDtzHHVb2EnzUwQdUOPPQIDK3/TjypDFTCCrvcU4HP0QOPOa9KZ80uC5pba8cbl7nLxzovmCY98Qx8E4/FSZuwUC67fKpSxJE8k4JVV0yVpoHhd59LMDmbX9U118wfYfUU5pioyDn9dI9JQytwwN5WLVif1PBpdzYx7vL13DENx2o8NNrp2MEtr702Um0mnRS0Tg3XN+SR++0ptIvb+Y+NNQJl8OGIA6V4m1FDO5iMkiv4uE1qRtYm63D+g88/nPMDe+edIwc14yjfRPLUNPn9+2CUp647PW7CHuc+RNFeu+1EIRZ67sQjaLJTjnuquvSMs5788a8blTzz4beNu/Tl34Q9cYvDSXuc4ruv2KkHM2c+O/0En80j6OC/v/9RbY+/eP3Mx7j/+U9x/Dug8xYTv5i5jXjy8x8EE4jACaqtMRZkIPkAqL74WXCCigkIADs=');
INSERT INTO review (reviewid, productid, userid, title, content, picture_url) VALUES ('RV-2', 'K9-BD-01', 'ACID', 'gooood boy', 'my dog doesn''t bite', 'data:image/jpeg;base64,/9j/4AAQSkZJRgABAQAAAQABAAD/2wCEAAoHCBYWFRgWFhYZGBgZGhoeHBocHRwcHh4cHhwaHB4cGh8cIS4lHB4rIRwcJjgnKy8xNTU1HiQ7QDs0Py40NTEBDAwMEA8QHhISHjQrISs0NDQ0NDQ0NDQ0NDQ0NDQ0NDQ0NDQ0NDQ0NDQ0NDQ0NDQ0NDQ0NDQ0NDQ0NDQ0ND80NP/AABEIAKgBLAMBIgACEQEDEQH/xAAbAAABBQEBAAAAAAAAAAAAAAADAQIEBQYAB//EADYQAAEDAgQDBgUEAgMBAQAAAAEAAhEDIQQSMUEFUWEicYGRofAGscHR4RMyQvEUUhUjYgdy/8QAGQEAAwEBAQAAAAAAAAAAAAAAAAECAwQF/8QAIxEAAgICAwACAwEBAAAAAAAAAAECESExAxJBUWETInEyBP/aAAwDAQACEQMRAD8AtadIv/d2W3jUieeyAzDsa8uLRmIgnnFpjbvUlxEDIMpJJuZBO8Cdb6oVSu4ZoYXOHS2usbqDSwZqdqGkHKdYkdWhHbRLm5jaLgXIjkEmGAGbPYkkwbdbAT10T3mCcggNEZT2jztNo6IobZFpsYxlgG5ZI53OgO8myJSgwHxuQC21hMc+iZUc50NDDBgzF7GbSRCmsDXQ0Q6bWO418I2QH9IsgTly3/gBYdeZ/KRlOT2b2uRI3FgBcflGc0NkbggQN9teiQPuJadLXHfGtrIAc2jlGcktzb5rjlrfp1TajyAGgyZkbcgDI8Uai90ZQHX1GUx58vupTOEVnAkNFhA2/pCi28CbRXNogWy5T/Lr/wDk7gpajsolrgYIgWGp2Us8NqCA9jpbewME+ZCR+GJP7DAJMEfYdqU3Fiv4KutXeXsY+XS7UZXNkXF+UwD3qW9kiMli6Tffe42ldS4e9zpDHAQRBHvZaHDcCLmtLrGBMeaFBg5JbKCnTfZzdREkiwjYRoo9U3P8jNzJJBOhMbaWhbNvAWWu619d1Fx3AyASw35deav8Yu6M29mUcgdOvdyJHyQ31W6Aie+0/wBIuJoPYYf2Re5+nJR/0xIILuguB33vf6qUvkbfwFpNN2iOpbr4z9k4iG69Igd3eldVLrZQI7xfedz5Jge3LLo7NxF7XvMJNt7GopaOIygFpbYdrbwHM9UjafZLiwwSbwNZ5i8aCQmS2wjaSAZk9J56JXtblI62G876e9Egbo5uGIGewDrDKT1sZ297rqTQO1lbN4MSRbXwk6pjZAbl52i4t380Rj337ILjJI0t3/Ton1dWJSV0MblDiS4vH8gSYN9Ra0a+Ce92bKA6wLjmEkkdY1TmuJiBAFwP2h3OSbwDMIzA3+ZcIEwCCQRpJA0ISGAaBEGC6ZzNBB/OykMn+WbQiRyFspjZR8wDsrReJcJF4/1jaI0SMc3UW5iDY7/VAWHe9sSXuEC4ix5RzTGvnIQJnd0CwkWlNrhzQC5pczUGIABHqI+idUHZaXAdkAtFwRMnQ6JoT+zqTC6p2yQNzrMD5WT6jwJDQ0jTOQRO8fPkmsxoa0g3EyAZDuQ7weSR7WntNcWyLAA/ujkTH0S+gQr2zYBpEGBzPTrPyTg6xIkOymQBBbGul9dkxlJo7DnZtXAu88s6yElXDZzJLuz/AKSCO876GyGkUrFDiMrXRmyyLHeO1Jhc0RBytI0c4C4vYnl3oTWOfALi0bPM2jboEenBkiAZg7aaSOs+qMPIlZ1QEtAZJl0TfKeYcBZAr4toMEwRaMunRI7D5ZfLwSbEEhsTy0kJtRpJkgA9QSfEwhNLYnYUsDSRctIklokRyPvZK2vb9ugkP0BG569yawZgMuawMiYg8xG6M10tmA60aHXXRDQ08AHEuDXscAc37eQ5z1n1Sh0C82MCRY8xOxK59QjUDrp6f0nT/ME5Z1MmxtBFpCKwO8iOxQt2csnQ6yN46DzSOzMe4h4LTlvudZ08kWoYiGieZ1g96G1/aHZ00u0dLknu0RQWJ+sDMkyZI59O5ScLQzwyJmJtGmh71WcOpvrVntaLNtPvvW74TwoUxJuSqUWyrjFW9juH8NDblWFfENYJKIVmviZ74tpCuT6xwZRXeVMFxD4ngkMiygM+Jqk7dyyzyQTOqJTeQJPmuKXLJvZ6EeGCVUa5vxQ4agDqjs+K+YBWMZimGBP2Ul72AWuqU5P0iXFxLw9BwPHqdS0wfRWUrxepxjI8NaJOvgtx8O/EoIDKxjk77lbw5HqRzcnClmJqMRhGP/c0FZ/iPCi27SbGSOfetJSqtcJaQQdwZTazQVu0mc6bieaP4iP1CxphwuYsL7BHpVnt0uOXiD9FP+KeFta5tYWItyEH5lQqJkLk5G4yO3iipRscawcQWskwSdNfHRI55y5gIJP7YE3mR8lA4jWNMZhBB1BUfDcQIu45miTvumpKiJcTTwWLQ4atidPnMb6jcJWNfml2Z+pEWvAgRtv4KnbxFlQ5YJLdHTfy5fZW1PENLcxfEczEQCq7Wqsjp1d0Po1nEHM4NmZABmeQ3NvBHpPIBOUOnsiSJjuFzKh/5rHQ4DNoAGu2jWY1R3NBPY1MkOBExqBbWShK9CbrYlBna7OdjpiRIMf0l/TOVpJMXgyNjvv5811KsXAtA0sXOkeYJvefJJkAJkG1pzWI0sBqgTJlSpLQyS9gaNY8ulucpGscRqC0fxuZHXxuhhzx1B0PXVPpB7SSCIIvpOvhAVdcWK80MxBc5wytFgRa4E7knRccWW9JEWaIJHPWR3dEmIYQct2jaNCOZI2TnVGlwYH9TlBM2+cJMaEL3WO4BuYBHdATaOMyENn6G24B+yI6Q0vMja8bc1EruDjLQXkGM1swO4SegJJxTi4AE5ZJBi+szyJTXucIO0kwNzpJEeqbTc4QJJgdnpz3018kaq4MsXFognl7CmOhsaziAIc2enZIN7QCo1fFOJkzPimtbeQzLoS4RHOdkSpTc4yXtk89VMnkLEfhgMozyCJMH5zoiNGTRjjMQCZb3SDr3qKwutDdSIbMX62m6O2s49kOLWjbLZxFjAFyQVoNnVIP8TB6aTrCayiCRcxaBMX7yfRd+0EakT00TGPIN2yACT/5bYm3Pv5oESQ62UsceczPSLwQfRFw1Bz3ZGtF5lx16zvpso4e94/eQdhFxFxBH7ZkQtF8NUjDnOmbXJk6CZVRVsTwiy4TwxlFsAX3PM81ZymhcStSLvY6VVcapAsPcrQFVvFakNKmWioYkjz+vRu6LG6oMfWq5C0Mkt1jcc1pcS1ryS10FQmiHdoQ7Y7FcqSs9BtuJisTxohgaAWuGoIuq2lxOq17XFx10nUTut7xTh9N93NE7rFcc4aGOBYZHuy1jFHJNsucfiAHsfz3VvQxQyg6efoqGl26QtoB+VYMJDO5J/BotWbz4DxznvqNkloDTroSTt3Lb1XWWB/+bsOSq/m8DyH5W4xD+wTyC6Ir9TklmRk/jDFxTIudLab+9lW4AS0Kt+LMYHnL/s4C5PPZW/Dmdgdy4+R9mehxpRiV3Haf/W7uVZgW9iPmrv4hgU3dypcI6AFnJ0kXF2VOfJXtofBT+KP7BJGyj8SaQ9rkbENzM9+yiTymUkE4O4fpNI5KLxniNVghryJsBv4HVEwDw1gGkKBWP6lUDYJqTTFKCksl1w6s/IMxJNlY0+LNYf8AszEAG4PoeiDRZDVWcXdAsnGTsh8cWi8o8ZpmXF5B2Dp75H5Ur/kP1IcHF4tJAEW6BYnDMLyAVoKQLLsJb3aePNad/DKXAqtF7SxLXS4OBymOyJI6E7fdGqPDTZsDaQC7oe5UGHxYdORzWuJ7bTDS4SL6iVcsJy/uBygAbgdJ2stDmpp0zjkyzn2uZjWffigOHZJzW30l3W1/mnaAi0wbn+Rtb89ElFwBIJE63PoiUk/ASa9G0qgGhsNJtylGrREB3PsyLgx09yhuYJ0ynWdPT0SPMi0NvcaECNfwlFpLKDL0xK9ozO8Bt5WJQy//AND0HopDHAj+J2jUzzA3QnhgMZY6W+6hq8oG/scIAETMagxvN5MpWUrk28+etvVLXxQIaQL6WFyOo9UuYR6xoVYxlSmL2Plvysml/wDqI2NzB2vP1RC4aSQmVWjcEwRp15mIhAHUmQWtIu8gXOu2/et/haLWMDW6ALAtDs4DiRlNh9QdDstxw/Ete2QQe7mtY4IkrDl6UvTHQhsfITBIMaireLVuwfkrKlS5rP8AxPjjSE2y+vglLQ4K5GGx1J5eXU2uB7rFTcFic4yVGlruv0KQfEDTcNJHQfKE7HYplWmSDle0SNiCFzUd3YBj6RZrdv0WM+IqJAztJLTzWzwWPFSmDra6oPiOjLWtjU+iqLzRnNYKTgmKkZHajRW9Z9vfku4T8Ph5AuLWjWea0eB+Eamdueo1zAQdCHEDYrSMbyZOXVUa/wCEMJ+nhmA2cRmd3uurDjmN/Touf+E+nDRGizPxjj+wWDx3jv6LaTqJhFdpoxGNxGfEMnmStpgXWC8/wN8QOgW7wmy897PSeqI3xKQWRGpCrMPTgKf8QXawf+ggsp2hEghog42iCPwiYbD9i6I9klWFGjDVKyaN0jIcQcWOLeaJwll5OuqTjbP+0CyLhoaqlVCTbLh9ZU3EX5iB7hHe+bD09JRMPhNypTHVC8MoZRsrOqbe/ZQmMhMxZ7B1TRDKvh9EPrvJH7YWqbSyixIHRZ/4aZL3u5laXFmGE/hX7ZDp4YM4qRF7QBMc5M85unPe1xBMAAQLA+o1KzreIQ5xLSS462gDmdlc4Oq18dsQd7R5bLRtpHJNLtgmYl7SQWSNJDTy3CZ/ky4E36GPDogV6QabPDh028EwncW52knzSV7J+iVhywOkxrJBEA/YJmIIzHKQBsNY6Suw7WvBl4Hff1QKmHvqD1lJthVD2YomMrdRNrAHpt0SVKsuETYEuHPoEGvQcIIG2gMGTeL23T6MMjO7tHUQNfe63UfQvwLmH8ifAJWYgyQBa176G8fJMNMnUWQauHfmgbxcchqTOtlKVg3QQVO05wDtQANSDz5QbLT/AAnRfkcYygu0PRZqhVDTka6XabDX69FtcHWFOgyf9ZPebrSONiedFm3Dc3eS4YQDQoTMU0CSdU1+Li4uOidoFFsPVcQF5x/9Axz8gaxurwCdmjmvRaWJDhYghVfGeBsrMe39pcCJHNNKw/yeG47E4jDugPzM1aQLR4J1OviK7C4nKBoQIzc5VlieDvZUdTfq06RqNiOYR8RiGsZkEaeSym4rSybccJPLeBPg0mHNOocQrb4gpAMa7k5VPweO087F/wBAtVxXCh7Gt5vaPVYrMjeVKJK+F8JDA9wMu07lp2MACBw+mGtAGgEJvEsWGNuY38tV2JdUcEn2ZG4rjgxhJMQsHj8aari/Y7ctoVzjS6sXD+BVNiuEOaOx5arn5J9sI6eHj65ZVcKg1itxhhZYPg0iu4O1lb3DftWNHQ3gqeMPl7G21lEcYH5UOvUDq5NrCPfVSKz7SPf2SaHFg6L8z7RKuYht+SruDUZlyncQflaUKNIUpZoyvFWBzydY0UajmeQGyUbE1OVy42F9Sr7gnC8rQSL7qXk0TpZA4Xh2USdd0ZzIVxXYAFRYmuAfvZHWhduwRjfd0mJZmCGytPd5ozXWnQIQqIfCuxUIiJVlxp3/AFnw2VbWdlcHTvdSeKvD6UzbcidN1pGiJLJj+K0JP0mx2O91pPhwuDBe06RoOV5lQcaxgpyYMEEHqf5AcuakcJxB7QmG8iB36reTTRydHZeYgjLuTJvYAjoANfBBZUItpb2ENlefe3mispgj8qYqkT6FoPPOPAH6JlYibNd5LmU730i1tPVFFSLSFLSbBhnU2jtAiSP5EkTrI5eCR5ZbnMn+gobQZJ7IPkSOugSh8K7CrRMaVzmNGhEHYyTGlp26dULPaR3oNKk4zcNnWB69/gkMZjKTXvblOgAgnfW3M29FrOGM/Vphjv4WP0WZpUsp5k7/AN6eS1vAKQFMkbu+QA37lrd4JS659M/8Rsq0nNewF7BALdwBMws7wv4ixFSq2m1jhJMg3EDWJW2+JsI6rTLGvLLgkt36LP8AwrhqrKrjUYC0NDGPtzue87pqODRSNHgKNVhzZhB1b+eauqOKB7+W6BRjddVwzXX0OxCFgmTT2ReO8HZiGTo8Dsu37j0XneLwMgty9uYPTZepUAQYN+R5qs47wpp/7WNuLuHPr3qeSPZWiuLk6vq9GE4VhP0X5NiJ8d1oXjM5g5GVC4gAXMcLf0pXC353Z9tAsIR/Y25JXE01B0NvyWQ45jw+tlB7LZHiYV9jca1jJJiy8yxOKLnnK6+8XHetuWWKRhxQuVmvw+JAUqpWaRssL+hVIlryN42nuUjDcXe0htQEHnt7+6wOqmiVj8KRXa9ojYxuFp8M/sqpwtRr4dbvVoHw093ckkwbwZhtf/tfO7jcdOidXeXnKN+VvdlXVsQGucdiTp4qx4E0vdnMRoPqhoaZpOHUwxg7lV/EGKAIBPWe5XFR+Vqx2PealYMbzjuB1lPwFl2ybwPBmo/O64m33WxADAovDcK2mwbWsFD4pxEARudOaVdUF9nQnEcaBb34WVP+i55k+SkYagXkOcSVNqgNHJZ5ZeI4IDKYHJHa3z981XuxbZ1UuniRGo6hUoikxuPYcphM4dVL2Fp2sQiV3ZwQB5KFgKZY+CLO93VJEZKSthS17mOJgTl9TCteF0rG822ReMcPc+o1zCBa6n8OwjWsgGdO1cXtbTqrRjOVaFoUSBaL6flSmct/SyVjoMRbn+PeihtxLpggBoMFxv6BXZjkmPd2vCPVMxDRNiIgc07KDd07iPsLc0DL09SpYBnttlsCRe2nyN0n6QmJiOfluo/+US1oLnFoMW0iNTv5p9ap2exTE/xJmOoMJj/hKzx2ddAFxfcjWOnidOSrA9/8v3DXl1Ug4nMRnzOEeFjtGpQGic2oADG49dPmtB8PYiabhN2n6LG4mo/N2WBrf5azNtOmiJhuIPpOlkyfHs2km+ipMVF7x3i+TsiC51go/BMRUZIqkOEy1wtAOxCqMZXFR4dBEHWCR4KUOJtDYc0tI31Fu5PszS1VI2dPFBSGVPLrsslhOJNESYEddOiucNig4S0gg8jKpSJkrLdxne6JntBUKhXA1N0DF8VY0E5hbVVZm0zOfFtMNeMtrSQFHwGLDW62CiY7iYrVCYOU6HY9yh4mmWgxyWLkk7RtFWqZG49xJ1fsCQ1p81Bw1MKLhnkm6s6GGcVjKT9OuEUlglYenuUXE4RrxESi08A+JEeCcGvbqCs8lNoqcFTfRqZZOQyQNp6K54jjMlJx6W7ygYp7Yus3xvHZyGt0F/FaxdmMqIlZ5cQ1urrfdbjgmHDGADYLFcAZnqFxExYcluqT8rU2SmN4rigGkT393NQfhzCZnuqOuSbd35hReJ1872tG5iYV/hGBjIHpZIrSJHEceGNMkBUOHpF7i8zrKbiKpq1ck9luvf3qW+u1g7rx6KZZLjgnU3hgVZi676pLGT1OwUV+IfVcGMEDc8u7qtLw/BtYwAa+9UIG6K3B8Da0Auud55qecGwck7HY5rNTr81nMVjar7tGUHcn1CdEuTZdvcxnIfdVlTEBz7RZUdWpVJgv8lYcPwzokAknfqnRDlSsmV6smeQ5D0R6dbKDkBzHfbY2AsDbey5mEeQGhmknQAnvKczD1B+5pMxpAjkFoo4OaTt2MOKce0fSwn5DuQGOEkGDadBz+amVMM4EODDIO8Ed8c0wYOrqGxO8C3ghLOQbdUL/AJbhGQEN3zCTeNTp5XCAXE3n0+XRSqeHeOyWOMDYiI7lxwh/0f4ZY+adCWSudharpyAdBMHx8tECnQqwZDp1kPNo2AFitUwRedegSuJO9+4aeSMArMvh8JUkFwdAkxBces/2uqYasWktAjmDEDr1WlcX3k/XRPZIGvoPsjA8mVOHq9mA7vzEi252GyZXwrg5gdMhpMns72NzMStY/N/E/TUoT2k6we8DQd6P4DMxhcRVe8sFMjYOmxFvMdVJp4WoTkyZedxE6XnaFfimZaQQ3wvHgudTFzP1Q6HRTYjDVgWy0jUSC2PLWSmswtdjtSBzuB49VctqQLEz4JHPkyZOmn5SCiC/huIIk1QBMkSZjz+Sh4ng9Z37XTycZHpuLq5NfWAe9BNa5N/A2TsdDWB1NjQ4y4D9xj0A0VXjcdLDz5pnHeIhjRIcQdCIO+41hU1HFB2ZkzN5WMk7s6uOUar0WjhgTIJBVnSzs07Q8lVNc9hh3gdla4XHj+QjrqoZqg44y9v8CefRS8Nx9jrO7J62T2sY4SFW8TwbIvCpMhoti+m8TIusb8T12CrDI0EkINWu5vZYSAqXE5gYfvutIownJaNH8Mn9xG5Wqr14aVjfh2qA2DrKucfi+zYpS2OOgvDAHPc4gWt4qw4pjsjCeSqOF1obrqVG4tUL4E2n6qfSyx4WcrMzjd1zO07JtDCvrvzGQwGx5jp90/C0y9wb/EC/VaAVGsbygfJKy0vR2FwzKY0AhC4hxQNsDfl72VJxjjsS1mpkKowzXudmcbndO6QutsvGuzOzOMqdTa0hV2Gwr3blSKlF7ATMhEXYpI6hhGF7nO0EW5q3pVGgQAIGioqT3AAu13i3oVNZXtr5StUqOWUrZaMqASdecmfrzStrXBN+lx6jZQmVBy29E9rvLqqJskvxLXaWveDy5mbpxrac9j09yoVV2h9hcamnopCyY3ENbJInzbHyuuOIGwt3KM13NKVQFgTztHL7pAOs+/NKbDXbaxQ3DlKkoQsJ2FiiOPh76apjYI09Z80R9hF+VvqgBrxbYoLmCbj116EJ7oB0ske1vJACE7aeg/CY9+2vquzdPyhON5uOkoAblt1Q3EhOe83vCCCYsffVAxHVOnkgPKV/f17uaYBJ0+qQEeo/2ECvhczCQL7fRWFbCPa2XDLbSIJ8NlEoY9oMEWUS+Dbii7sFgcUx4yPgOFiCpP8AxoHaYbck3E8MZU7TDDuY+qSix9MQQTG4/Kh6OhEgNLR+2OoVTjqzpk/t0R8ZjHRbNJ6KBjGOyNm19OaIK2RyNqLZZ4XBUyA4QVV8Z4OHXHgoOV7ZyyJSvxVaLz0XTijiyVrWvpTItzCf/mlxEmyNVrvI7TZCr6rf/JClopSovKWKaO6EyrigZj3+FQurvCs/hfh4xOIZTe8MaSM14c4aw3n+UKJX5MF9wDHTmse/bRWWKc52hXp+D4HRYwMbTY1gFgAFG4hwCi9jg1jWmNQE5cPqZUP+jxo8vZgWzJMnmnnF0qe47pQH8N/SquY8kgnsmfRCx3C2AhxFpv8Adc+E6OlpvKLOhx+nsVN/zWvaRa4WXxfBgYgkA+h2K7hVF8w42581Si3oylJLZcsO8SPzsprO0QYGiZQw/KwHqpLabh17lsjkbyPbSkWJ9PslYwzcdkDqT5R9UVtIjpoVIDB4pgQ6gBIuY8EhpkfT2EV9MzEE2RGM5lAAKTbdoQel/WE7L3KT+nySvoX09UrAI6PO9ufJDe863hHIJ3t0HmmwJ1SLBMeTsbcwnkx4fVPAtY67RZcROpt0QIA57ha6Uvj+kXKNJ9+K5zSdyUARSZ09fmmmm73zRixwuLdfsmOaUARy06lCyH3ClvaUPIeqAIzKZc5rBaSPPRbnh/D2UxlYASNXG5JWO/TOoJBBstRwHiTXMhzgHyZ+60hRLVlD8UUyx+aSSdj9FlK4Y5/IHVb3jVVlbMGOaXsgHSRKx+JwrWPl7wJ0EgLn5IftaOzi5Eo0wLMK9l2OJb8u8KTTx5A7Y8dlFfxFlOzHZh/qL/JRa+IfUuynUv8A+YHjKOrKc4+krF4lj4ykW+ajYioXQGmMp1TaHB6jyHPaGxy3/KuGcMtoPJXGNOzn5OXsuqKr9Jx19ztZNdgs3L5BaBvDkZmAHL6/hWYmXfwzn6IX/Eg9VsBg5I6e9k9uE6IsDCv4GDeE3B4Z2GqsqsaCWncSDsbLfnCCNE04Fptb3ySsdGm4VxXOGy4AQNxJnbuVtUxLdF52/gsHsPLLzE2tyBUqmzEZw41hDf45Ld+quM/kHFDPjLChz2wI69e5ZbEVjkLTd19LlazE4R9T99Q9A0QPO58JS4bhVNl8om9zck+KxlFSlZtHmcY0ZVmFqPYGkFgtPOArjBcMyx0srxlETMGPKPEqQ+nAsB+FSVaMpScssrWYITyRqeE6/b7qc1k+9EoEG3qgVEY4c+9UopdbddlKznQi3z9E0G+lkAR34e8iwSfoc7d2ngpWfU69J/tKTIuLoAjspXuJ9/NMr66KS19kGo8z/SAAlh/v8pkHX7LlyBiiyUsI9/dcuQIblOh79kpdz8AuXIGIW9D75JAwrlyBHBiRzFy5AxmQ7/NOZSE8jsdPVcuQMSrgGucXH9zhBMwY5E8kzFcOZUgPaDGgIGomDbVcuVCOpYBjRDWAdwCk/pA+/RcuUgL/AI4StETA6D+ly5Ahop6W9R3aJ2WOcyuXIGK5wA6JWid9eQXLkAK1m8/XwXNYAJ8fYXLkAc5wIvbwRQzzjWJSLkAK2enenM3vHguXKhDXU5N7ohbIt81y5SA4EiB87/2nPZaxn3ouXKhjWsEWA7xslzR177lIuQIc+ncQZ680jXHu+f4SLkDOBBME/VRqxM7pVyBH/9k=');
INSERT INTO review (reviewid, productid, userid, title, content, picture_url) VALUES ('RV-3', 'K9-BD-01', 'j2ee', 'active dog', 'he is very strong XD', 'data:image/jpeg;base64,/9j/4AAQSkZJRgABAQAAAQABAAD/2wCEAAoHCBYWFRgWFhYYGRgaGBwaHBgaGBgcGBgaGBgaGRgYGhgcIS4lHB4rIRgaJjgnKy8xNTU1GiQ7QDs0Py40NTEBDAwMEA8QHhISHzQrJSE0NDQ0NDE0NDQ0NDQ0NDQxNDQ0NDQ0NDQ0NDQ0NDQxNDQxNDQ0NDQ0NDQ0NDQ0NDQ6NP/AABEIAKgBLAMBIgACEQEDEQH/xAAcAAABBQEBAQAAAAAAAAAAAAAFAQIDBAYABwj/xAA+EAACAQIEAwUFBgQFBQEAAAABAhEAAwQSITEFQVEiYXGBkQYTobHwFDJCUsHRFWLh8QcjcoKSM0NTssLS/8QAGQEAAwEBAQAAAAAAAAAAAAAAAAECAwQF/8QAJhEAAgICAgEEAgMBAAAAAAAAAAECERIhAzFRIkFhcRORBDKxFP/aAAwDAQACEQMRAD8A3YanKKqZ4qYXNKlgWRpTS1QF++ozepASs9IXqB3pueqAnL12eoCSeVISRvQAUwzaVNPdVPDOAtK2JFBSLU91dPdVMYkVKLg61IyDEv2qiD0zE3O0ahFyrINJdHY8qFqav33/AMvfltQY3YoYiwaRqh97Se8mkAT4U3aPhUfFX7flScJbtnwqLi79vyqvYZBnq7hm7NCveUQwr9nepY0Ws1dNR5u+uzd9BRJmpytUObvpj3oFAFrOOtVeMcWt4Ww+IuE5UA0H3mYmFVZ5kmohiTNYP/F7GFrOHsLqzXC+XmQikDylvhQIhxP+MDz2MMgH8zsTHkBRf2b9v0xtz3Tp7u6VJUBsyPlEkAnUGJMdx1rxn7KYLFtt9dj0q57O4lrWKw76iLqealsrDxgmhUDi12fQDPRnhzD3etAbz60Y4c3+XtIqkSVrrdo0wvUOJftGolu1Ii5mqMtVY3pp4M0AHsAexQW8/aPjRbAGE1oBdftN4mqGcsU5X1qs15arNd1rMC9eu66UxXqqLlPUE7c6oC17ynG6apFmHOuDnrQBczk86bn61WF49aTP30qYBAX9I2qubtV2uVGblOhlvPTlv1T95Xe8oAvznO9SDCfzVQs4nKeRq3/Ex+UUtj0GL19cuXTagd14NP8A4ip3Sql24CZG1O7JaLNtQ2xg99NS5rVMXKdauCddqANHw089Nqr8UslnkHlVJMYn5T609ccnQ0XodDfsrd1XMOpVY0qt9tToaQ45O+lsei9m8K7NVIY1O+uOLTvpDJr96BtVQ3qhvYmapYnEMIVIzsYWdVXSSxHMADbmYGkzVCbJOK8ZWyjQud8pYJMAAbu7nREHMnyk15RwbiT4jiC3MQfeF8y/ygFGChRyUch+tFfbC6WTIjsLTO3aY9rEXE1u3XPO2sBVAAE7aAVirOZMl1TBDdkjeVgz8RQ9qgi6kmbfiPDcPbDIFXV+bGYyzqI79KC+0KW7SWxaEENmnnIH7xRq7xfPbVmtqzFQc0katvpy1rM8eckLmOsmByA7qwheSs6+XHFtHvPBLy4nDWb8QXtqzRsGiHA7swNFLWICKFAPpWG/w64owwFpBqVL7g7G4xGu3OtC3E35gVspb0cri6tolxt0EzVZb3Wm38Xn3AFVS9Mgv3mXTKdTv3U7D3NRJocblWLGLy8hQBpLGJQLBahj4RSSZ51W/iH8opf4j/LQ2xpIj/hp/MKT+Hd4q/FNrHNgDHwrDSo/dP0oswFdl6UfkYgOUboaa09KMFaaUnlVLkAEa0k0X913Uw2F6Cj8iAFFqaTRdcKp5CkbCL0p/kQWCwwiuLUUOCTpSfY06UfkiFgyaSaJHBKetRHh46mnnECkWpJq9/Dh1NNbh4/NRnECkTXBqttw8/mppwLdaecQIA1cGqY4Fq6/hCi53YKO/n3DrSyj5AiDxSm5WY4j7QQSE2H4jHyqLh17E4n/AKaOy/mYQvfqYFDmi8PJpsTi1BEbaT51ILtDcN7N3A+e45aNQg0WepH6USOGcfhNClfYpUuhTcqpjdQzSRCONASe0BqANyIqybLdDUmGwjOwBEDme6m5JKxRVukY3i/AL2KyO3+TbVAtu0QC+WJbNBAWY2BMADvrMe1WDyMgWMoXKAAAFIMmI3mSZOpr1f2oOVDDRA8tBXjmPx7XgLYBZs+kCSx1AAA1kztWXHOUpfB1cvFGEa92XeGoTaADTE6dNao2cFexV3LbQsRA0+6o6ltgP2rU8F9m2VVGJdbKbsub/MIJ0XQELPUmR0rU3ONYXDqLeHCqBsqjTxJ5nvOtEp4t0hx48oq3SRBgsL9ktBZkgddB3VTwHFHfEKDopJ07oP61R4hxoN2mIjvOlO9l8SLt13EQi7yPxbfI+lZwjJyT+TTllGMXFeDWl6TPUZekzV1nnkwYU7MKgzV2agCxnFLmFVy9NN80IYfF0HY05bgPOpTwsdSKVeFjbORXPiOiPPXZ6bc4a3JpqH7JdHf50sWFMsZqrcR4gtq2znkNB1MGB8PhS+5uAaqfGg17Bvcui5e0RFy27YOszLXLnJZhdNT2RtqKWLKhG3sLcKxjPYtu4h2QFgRBDRrpyq1HMkAdSQBVHC8UtoMnZUSYALMxJ33kfKrKcRQ6tkgmJZFk/XWmqKfHs67i0RGcuIVWbxygn9Kr8D41bxFlXBhiBmXTstzHh31DxjHo6MirDHScqRHMaDblvXnNvPgcRbbtZWYqyAwrpBgz3T8Kapspcca2esm+Jp5egq3h1OUgEHqpEj51E9xlDsLxmBlGVSAZnXm3TlQ4kuC9g9NdNBuHcSJHaynUgMJ1P5Ss9lqKW7gY5RvvoyiR3ZhrU4sjBrseGpykVQve/RhCh1LCWBQsgBllKs6BgRIzAyDBg61Zv3SQMtsrprnuIBm/lCBiV8SDVYMWLJywpJrO3OKYoMR9lJE6MroRsNZzePLnTzxu8v3sLdgdMpPoCevwPQZtPwS8r9kW/D/QZxmNWyhdgNNh+Y8gK844r7Q3L7hS2pbKEA0AJ2Ao5xTjSXP+taxCATvYcZfBsu+nyoLw65gUvpfNy42QkgFDkzagSwHImde7qYpfxp/H7Ra5IxXvf0bHgnsvatAPdVXuRswBCeXM99HTc/LoOnKsyfbfBkgG7HfBjWNzy3H1NPX2twhEi6P+L6eJy6f0PSo/5ubx/hD5Pk0Rcx30zOWoOvtNhf8Ayrp/r/8Az4+h6Guu+0lhcrB1IzBW37GbQGACTr0HI9Kl8HJFbTHFqTq0FzaC6uYHTrQ+9iszEqTA5KCfRVEnyFBuIYr3wDIXus89hBlI6Htt2Fjm3PTurLcc4RibQLLadV3GW415mafxiIAAOwEd9EOFSpzdL47OrOPF6Yq38m4xNlA5fEMj21AyoJbM38wI5dNdfCslxHi+Gw1xmw1gJcee1zUHSEn7i76COflnLfGMWLRZiz2lYI2cBlViPu9qSDpyIjurU3LGHvcHfEGzbW6ARnAOaUuQIc6xEaT3Vb4VHcXa6IlzKXtv7MtxLjbuDnYR+Uc6DNj23UBZ3qmtOmqUUjJzkLduM2rMT9dK9J/wgs5lxOYArKAeIDT8CK81bavTP8Kr49xeRSM4cMR/KVABjyNE/wCuiTevgk5AVD/Dk6VKLx864XZrmUn5HSIjw1KROHIN6uKDTAvWnk/I6I24cnTSrdjg9giSDNMDCrdthFNSfkEi01IiVn24m871IOLMKrNDyQcy10UITi0in4fiqs2UiKMkFovYm9lQnnyrJY++e1O3j86Me0fEkS1m3OYAAbktoP1rzTinGLhlTbcEtoYUrBMTvqevTTrQ99G0FSsu4ksvbPPbfTyNWVxLugLSR9DQVk72KumElm1kmI8qt4jjDqqqV0Ea7FdZmoxka3GzU2LugB9elXmto6hLgkHQMIJWdOekday2H42mZRm330PoR13ohh+KKzZUObUwPCqca7M8vAZxJCpkSZtk226EAAhl/lKsCOmooQMSUDSZmAO7MQJNR4vj7fdCaMpkHQrplkRv4fyiqCYrNkEQT2z4bJ4czHhTS0TezROmUpdH3bkLcA/Cw0Djpyq1bvsS6bPbIKzzV9QPAmR5Cqxce7UHYyDVnDYEXQjqwDqpRpOjpyUnkRyNBRPh8cTzPUE7x3+Gx8Kke8d5j9D+1CsZcKP2pB/F5kI/zVvM1ILvI96nxEx+1AFw4wg7x+hqRcVO+/1pQgXuvh6bGnLeEj08/wC1IAumK5SfrlUuBvogKgASc2ggEneY50HOIiua5OxNDVoTVqmaF7q93jUeZe6oeFYdbykZodeXIjqPOpX4O42YUsWYOFDfdWjuiH/Yv7VQ4lwHD3ky5FTUEMgCMD1laIDhb8oqK7g7qj7hJ6g0epdCprZR4VwO3hgVTMPzMxktG3lqdB1NFlxEiAYqkffc0YfGnJnEdlp65alpvsGnLZ51xO89tMVgzYctdvh0KglSJBkaanQbdT0otxu+MHwpMI0e+uCSPyhnzttyE5Zr0XDYQIoe74hefmeVAvaS7hroKvYttpGYoucdIf7w9a6VlJK1Xv8AZNUeGLSii3FeClHPuwWUnsj8Q7u+h/2Z+SP/AMW/arpjImrV/wCGuPFvFZDP+ahUdzL2hPkDQzhfsviL5hQqjqzafCTWmsf4eY6wyX7bWrjIQ2RGYOYOoXMoB0nnScW00B6IrCd5NWBFCGxIWJEHfWrC35iDXDTQIu5zNcx6mq6+NJcuUWNMnZ9ImrGHxcLB3oZnFPzjrTugoHo53j40uaef9KsOlwb2LnkuafSmBG/EhH+oEH5bU6YYscjUhf8AuKhuXVQQTqf5hr3ju1qNby7kjad/n9dKXQqaG8QBKhozZdQCY3iTPcB8aEWMFcvOzt2LakdnXtn8I0+8J5c4oucQjqQG30H7fChvtPxD3aKikgoJnmWI1I9YmqSdnVxSTjT9hv2rALmHvFJzZWY6DN0mPlpQbE4JXLi2uaCSJGjRuAeYrLti8x1VSNezAjUyTA3PfRzh/FypUyNIESFBA5bVrKOPQRlfZHZxCE5SoBJ1B8PnVzDD3DrcCyn4o1jvFWsdZsuc8DUAnuJE71SsXbQOVGYMDJInKBOuaeVQ7kUkook48GVy4JCZVKNH3wwzD0zR5VRwF7tljuf2/tUvtFxBroRVlbVvsonMwIzP1PymqmGTbWtHSRkrbs1L4oZEHeY1q7wvFZQdYnWs7fQgIau2LwA1qfoo0fGbfvEW4N/uNA/MCqn1IHpQO1iyyzzKo/nAB+NGMBigUKGIIgz31k8Ld1AOnYA/WPjQkKw47b9/9ahuPC6mO1Hn9Ckt3BkE7gx40M4jiQYTq0+mvyB9aF2Dei+cUSat2bh+FCrT+tWBegU2gTNNwHE5b6dGJQ/7hp8QK3Btd9eRYHFEXFM6gg+hH71qTxF95PrUuWJE5JM2gVRzrvepmyzWPXGO2zGpEuNuxPjyqHykZmuyKdtahxFxE1NZvD4p5lWOmpoBj+Mu7tr2ZPPU1twvPYOWjQ8U4jOxrJY25JqPEcRgb0NL3HPZVmnoDFdVpdmbsrcSAZSCfCN5HPuqhwxDecIzswB1BY/Cj6ezOIuCWKoOhMn0FWMF7Je5bOl7OfxKVj/iZrJ88LqxUaXguFCqANB0FaS08Cs/w6+FGtHbdxSuh1rQaBvEOCLeYvLCTsNpqKzwMppmPpRnC8RRVhjrNT/xG1P3hXJKUbaNlVAA8IeZDkd0U48Gc/8AcPpR7+IWvzCnDGW/zClcQqLM+nBXH4gT3zVm3wlo1Imi/wBtT8wp/wBrTqKPT7hSMbb40/In1PxqVfaK4OelZ/7NenRU/wCdKyXRvbPiGU+POqxZVo0Z4/nEMqse8A/pUJx1gsVNhNtTEb6DbwoAzdVYeKn5ionxiqdSNY/balQWa7D4rDrtaC96lhNYb27tZnm3mKuO8xA7Qnl186vJj1/MPr6FLefMrRqIPw+VC07GmeXNbYGCDp9b0QsXdBIM+nLfWrOMsDMYGnfuKgLQY66d/SK0ysSSiwg2KYgKv3joB/8ARP6VZw9kIrD8RiT1+v0qbC2UAGRYMaz94nvNVrUl2B5bjp0pDysbewzFdDHyqnh7sb7g0VxB7JXWD60CcEHSk1YlKmG3xeZADupFTpiBEd1AkeQetOt3SNqIxobkb3gqB1eZjLEjcA6SKzl+2bbshM5eY2ZSBlYeIirHAOLXFYqoHaEa7VH7QuwW27iHOZGgdkquq6+BPpSv1UNf1sjv44IhM948aDYG+XuSx/pVXE4kuY5D6mm2GynSrxM7tmpF4A91MfEztQ2zdnnV7DgdJPKk0XZc4JbZnk7Rt8T8orUAMROpHLX9vOg/CbUT+JjyHltR1D1B6THT+1c/I9mc+xbGhM/2pz4qCUMkfDxnlyqNcSklMvfMwD118TUgcTygjRtDvoJgdY9BWPuzLFkfEMZkTKNC/wD6j+vyFZfNJgakn50/H47O5jYaDwGlT8Ewhu3Qu0AsT00gfE16UVhx/Q0r0EuHYBLYBIDtElnIkachtppRCxcJkgDTYgDXyqNMJk/ECu0c9N5M9I0qC7ZJJhyCDsfiK4JNye2Di12S3sUxBhTUCM8SDr0pMjgGZIHTSDsdtetSojA5spE7Ty8gOnzpUkKqES4d2B7+89aKYG5A1AAO0vl9CQR9cqC3WhDMhdDmPXpFFeGOA0kDNtPP1rt4Z5Kn7DIcU2V2EGZ5/wBP0qF7kEaUX4+ghLn+w/8AsvwzelAnc6sAD/XnXLyxxmwrQwuzMdSKs2XadTp1PwquqltgTr9Cae9tT97MPCoFRK9xp05DeaQYhuZ1qsiawGJjv+YqUkfmHxqloZSXGa6/XfU/2of2qo1jpURw7da76KsJJjI2NNfHfUUP9yR1pChFFBZZbEqd0T/iKR2TIxVFUxuBGnOqhbupFMyI3FTJaY4vaM7jmljpzqlcwrFlCgliZAHdrRLHW4cUuCMYhegVvlH6isoGslSKtnGXLRJu22CkaGDAPiNKgGO7Zcc/lWsziCOu45Vn8fwIyWskAE/cO3+0/pWziZKRXu49miNNKidp1JmmHA3l3tt5aj4U44W7/wCN/wDiamh2iBrhG1OS5U9vhN9j93KOrMojyBJ+FG+H8BtBYcszEbg5Qp5QOfnToMijwrEZWBrRcbUXsE5AOe2VZY33hh12JrHHMjlGEFSR/Ud371reAvnUqZAMTETHUVlJU0zWL1Rl8Twe6lv3hAyj7wntDlqKH8pr0bE8HVgyi6Sp3DrII6SIrG8W4M+GafvodmGsdzDceNXszVENltAZozhGUiCYnnz8O6s8rQdDpoR50Swr7CpZS7Nr7J8QW0jqURwW2ZQ0RPUeFH34tYbsmwkNvlBWP+MVg+GF1QSjQSTmCkiZ7h3UQXECdwPOPnUUNs0j28EwIKOmwhLj/JiQPSq3EsJhksu6XbmZAWUMEaW0AWSJAkDagRYEg5tj+YHyqvj7rEhADlIk6TJB28o+NOMbkkKTSiUrVsxJrW8J4A/u1cYhENwSVZWmFO2bnoRMdaz9pwWVIHM6TsvIz3x60U+1kAQYjmND8615nrEz44p7DCcEuRCYiy+s6s077CE0G/OoU9n8WWMukHlbdWMAiIzEDlz6UJv4x8hhzyA8ToD3xNTJxNwILH11+dc6gjXFWGn4PfUTkdiNTAViY5gKx1oRj7WI1m3fEbL7q5py3C6jwNTLxu4uoY7daS37S3VJ7X68vhRghOKZSW46pldGA1EsrBSIA7WYCieEvg5XUgqY1G3iKnX2tuc/rzNQniHv3JIAYgTEa8p08q04fTL7M5QpWglxRw2GfWMpRpImAHXNp/pLetZxL6rEsFLHbTSYEAT8K06oDZckKwyNmQkCYBlSD1OnnQ/D/ZHEmyAwA0aRpvpBHMDWKf8AIhckxQjlsH/bQQSmvcNPn4zVazfIPaXuB5fUfOtKL2FiIdRtGcH4GaqYjhuFLaX7gnr7sqANfy/KufBlyh4BDo0DVRJ5c+X0KXIv4gZora4BaH3MTv1Qa85MNB9KlTgzcsRZjvttPzqXBkYSBnu65rYqfLSFK9ERWa1TRh6tlIpCaAKpsUwYfrVxjSddY0+vnQBiuLuM4y8qt+z2DztcuHbRF8d2/wDmg2Pc5mk8z4b7Ctn7O2QmGTqwLnvzGRPlFY8UTfleqI/sdMOF8aLZQdv2rvdc4/pWxgBXwxFRa0dayCINQNg6ABSoTtTWBFFhhekCnjDHqPrxoAx3tBhSQLgGq6N/p5HyNXvZnFQde70o6+HBkFQQZkaajaOlY20rWL7Wj+EwO9TqpnwrLkVo14ns1Hv2QkHlI9DvUg4hpBgjbUb+VOtItxA4mRAaOR6+dNbB9PlVxakrImnF0Zjj+BRYuW1CrsyjYEnRh8qrYBCzoBzI9OdaTjWFjD3D0SR5EQayfDnlhI09B8N6iaovj2bDguPKTZJIZHJnk6s2YNB5GfjR5OJAz2VIP8gHrFZsX0uBMo7SSC/UaQngJpXZlEqZ7qcNraFPUtBbi3GMNZQNds2yTIVQksxHjGmokzXneKx5a4t0IqQRC9orI1JaTrM92kCrOIuXXcm4twgE5ZQkBZ2EDQbVWvYB22R/MFQPWJqkkuiG2zW+z4TEI92HRs+QqHJWFRTpmBIGZmMT0q4/Cbk6XTG8sknziKE+zjtZtlCCCXLbjmFG/wDtouOIHr60ONu2NOiN+GYgmEe2+2kOh05bGmXOH4kT2FJmdHHgd408qsrxFutOPED9c45fCpwQ8igy4gTNl9ztBj47VXfGFfvo69ey3pMa+tGVx+x/ePnTk4hry9JnxkUsB5AP+I2/zRHKNatYPiKI4YuFGskyTliTAjXTlRUYtG+8itBBgqp0HKculNGHwzfesJG+nZInQ/dpKLTsHJNUS8N9oLN23BDAdoZmNs/fzFMyhiwlQeR2M6CgyYgbdrNtyGnl+9Y7FYUh3KgjLccCD93K5AjwrY8M4Or2Ef3jq5EtzUaxoDqPWr5Ll2TCo9EttjtPxprEzNSHg7ja+nP7ykeHM6VA/DcQNmRvMg/FTO1ZYM0yJBdYDeKd75+pqs2FxIGtljy7JBnTxqAtfH/Zf0Ph+XupOI0zWhvrSuBqNQfr4UuTu/aukwHgUhQVw02+vSlIP0etAChf7fKo8a+RGM6kGB9eNW7OEUgMzgb9kasWiQo5bEE9JHXTK8VvXEHbJzEnIoAEKGKgmBs0GI3AnnWPJyNKom/Fxpu5GfxyljoBJMAd5NegWbeRET8ihZ/0iKyWAwd246OE7AIJYnmHUmOugI862LvVcSpE8srloafD613pZ+v7VzN9fvTDH0a0MhwH16U4gfXyphIpwFAHRXGly+NJl+o3oAicT4/Gs17Z8P7KX1AlOy3eCdD5GfWtTH1rTMXZzo6GIZSOW52O3IxQ1aoadMzHs7xQbMYBEHTQ93fWpFudtuRmsLwnBQXlhCMAyncLOr68hz6VsbOKRFZXYqtsqZHazo4OTKxmCx0HeDXPCSjJo6Jwcopgbj+KFwe5t6gntHrB+78NarYPg0rMb6AdeVFcfw9ERLisdWOeJ7LAyyxyA2nqKtcMcEGNcpiTynl460eqUt9CqMY67K+E4SLa5Rrr9fXdU/2IbGrzOK5j0npXRSXRz3YOfARtTPsunIeYom7T9Go1t/X19a0ADxhRpIpWwg6HeiHuwJ/b5RShPlQAMGFrvslFTa+vr61rggFAAlsF40z7F3n609KNRTSlAAU4VuTeoprW7izAVvA0c93z57fGme7M/DwNAHmuKt4kOx922pJJVGIMmSaPcBxN3IQ6lYiJUiev6VrJIG3iYqFrM60UANGLNKcYx2NXmw3cK5cMOQFFDsppxEjePSpDxQ6doaCNxVg4bu+H6jwphwA6L6UqQWwijd0enKuZ/rWurqoRxfp+1cH/AF6c6WuoAE3+CW3cuTcUyT2XZYzatAGwMDapE4Nb1EOxIA1ckkRAE70ldUhbLtsZQAqqABAHIDaPrpSljGo7tNRy/eurqYC5fLujl1FKjaV1dTA4H+n9DSq3d5aTSV1ADieUVzHXbnXV1ADc3OD+tdknw/vXV1IAda4IiXTdXQse0DqDM5l7g099WMPgwtpLbnOEEAsNSAQQCJ6gek11dSxVhk6LPu1iCBGunxpVsqNgB4ADn3b0ldVAOFsfW/lSkR9fGlrqAGx59/8AalmB9fOurqAELf3ri/SK6uoAXP8ALupoff6+v6UldSAVXHd/anBh9eFdXUwEDd/78hXZ/jXV1IBjHXu8qdl5j1pK6mA7KPqa4gH09Yrq6kAirof2qGe/4f1pa6gZ/9k=');

INSERT INTO reviewrating (reviewid, key, rating) VALUES ('RV-1', 'money', 5);
INSERT INTO reviewrating (reviewid, key, rating) VALUES ('RV-1', 'alone', 4);
INSERT INTO reviewrating (reviewid, key, rating) VALUES ('RV-1', 'clean', 2);
INSERT INTO reviewrating (reviewid, key, rating) VALUES ('RV-2', 'alone', 1);
INSERT INTO reviewrating (reviewid, key, rating) VALUES ('RV-2', 'money', 2);
INSERT INTO reviewrating (reviewid, key, rating) VALUES ('RV-2', 'clean', 4);
INSERT INTO reviewrating (reviewid, key, rating) VALUES ('RV-3', 'alone', 3);
INSERT INTO reviewrating (reviewid, key, rating) VALUES ('RV-3', 'money', 5);
INSERT INTO reviewrating (reviewid, key, rating) VALUES ('RV-3', 'clean', 5);
